rank,name,line,blender_object_name,approximation,distance_to_socket_m,distance_to_inserted_tip_m,bbox_min,bbox_max,center
1,Cable008_Collider103,3523,Cable008_Collider79.125,convexHull,0.0237413893,0.00943867664,"(-0.294422636, 0.310281989, -0.249459891)","(-0.222701136, 0.343261719, -0.198874391)","(-0.258561886, 0.326771854, -0.224167141)"
2,Cable008_Collider151,5107,Cable008_Collider79.125,convexHull,0.0237413893,0.00943867664,"(-0.294422636, 0.310281989, -0.249459891)","(-0.222701136, 0.343261719, -0.198874391)","(-0.258561886, 0.326771854, -0.224167141)"
3,Cable008_Collider52,1840,Cable008_Collider79.125,convexHull,0.0237413893,0.00943867664,"(-0.294422636, 0.310281989, -0.249459891)","(-0.222701136, 0.343261719, -0.198874391)","(-0.258561886, 0.326771854, -0.224167141)"
4,Cable008_Collider202,6791,Cable008_Collider79.064,convexHull,0.0459980309,0.016201122,"(-0.263106227, 0.339730874, -0.220568359)","(-0.26075387, 0.344576374, -0.213773906)","(-0.261930048, 0.342153624, -0.217171132)"
5,Cable008_Collider195,6560,Cable008_Collider79.065,convexHull,0.0459845983,0.0162091578,"(-0.261973918, 0.339296594, -0.220726371)","(-0.260087311, 0.34421514, -0.213905454)","(-0.261030614, 0.341755867, -0.217315912)"
6,Cable008_Collider44,1576,Cable008_Collider79.068,convexHull,0.0460017274,0.016211455,"(-0.257936358, 0.339730844, -0.2205683)","(-0.255583793, 0.344576284, -0.213773847)","(-0.256760076, 0.342153564, -0.217171073)"
7,Cable008_Collider158,5338,Cable008_Collider79.067,convexHull,0.0459865118,0.0162145666,"(-0.258602887, 0.339296654, -0.220726371)","(-0.256716102, 0.34421511, -0.213905454)","(-0.257659495, 0.341755882, -0.217315912)"
8,Cable008_Collider167,5635,Cable008_Collider79.156,convexHull,0.0460629348,0.0162477784,"(-0.264035702, 0.340429828, -0.220313966)","(-0.261344403, 0.34505792, -0.213598669)","(-0.262690052, 0.342743874, -0.216956317)"
9,Cable008_Collider173,5833,Cable008_Collider79.069,convexHull,0.04606817,0.0162623993,"(-0.257345825, 0.340429768, -0.220313907)","(-0.254654378, 0.345057741, -0.213598728)","(-0.256000102, 0.342743754, -0.216956317)"
10,Cable008_Collider12,520,Cable008_Collider79.066,convexHull,0.0460219308,0.0162670986,"(-0.260699958, 0.339150265, -0.220779538)","(-0.259337127, 0.343993381, -0.213986039)","(-0.260018542, 0.341571823, -0.217382788)"
11,Cable008_Collider102,3490,Cable008_Collider79.131,convexHull,0.0460219344,0.0162671466,"(-0.259353012, 0.339150295, -0.220779538)","(-0.257990152, 0.34399344, -0.213986039)","(-0.258671582, 0.341571867, -0.217382788)"
12,Cable008_Collider213,7154,Cable008_Collider79.155,convexHull,0.0461769717,0.0163499039,"(-0.264712393, 0.341355696, -0.219976902)","(-0.26182726, 0.345633641, -0.213389039)","(-0.263269827, 0.343494669, -0.21668297)"
13,Cable008_Collider4,256,Cable008_Collider79.070,convexHull,0.0461833899,0.0163678645,"(-0.256862968, 0.341355756, -0.219976843)","(-0.253977716, 0.345633552, -0.213389099)","(-0.255420342, 0.343494654, -0.216682971)"
14,Cable008_Collider27,1015,Cable008_Collider79.154,convexHull,0.0463342048,0.016502898,"(-0.265099585, 0.34245874, -0.219575465)","(-0.262176096, 0.346272692, -0.213156522)","(-0.263637841, 0.344365716, -0.216365993)"
15,Cable008_Collider227,7616,Cable008_Collider79.073,convexHull,0.0463415081,0.0165232154,"(-0.256513983, 0.34245874, -0.219575405)","(-0.253590465, 0.346272573, -0.213156581)","(-0.255052224, 0.344365656, -0.216365993)"
16,Cable008_Collider30,1114,Cable008_Collider79.146,convexHull,0.0462079297,0.0165570712,"(-0.264408231, 0.34615843, -0.218247295)","(-0.261600852, 0.350578532, -0.211457372)","(-0.263004541, 0.348368481, -0.214852333)"
17,Cable008_Collider34,1246,Cable008_Collider79.151,convexHull,0.0463009418,0.0165630327,"(-0.264943928, 0.345546946, -0.218469918)","(-0.262019753, 0.349557206, -0.211829126)","(-0.263481841, 0.347552076, -0.215149522)"
18,Cable008_Collider10,454,Cable008_Collider79.086,convexHull,0.0462136442,0.0165731131,"(-0.257088929, 0.346158281, -0.218247354)","(-0.2542817, 0.350578532, -0.211457312)","(-0.255685315, 0.348368406, -0.214852333)"
19,Cable008_Collider177,5965,Cable008_Collider79.081,convexHull,0.0463077501,0.0165820735,"(-0.256670237, 0.345546797, -0.218469918)","(-0.253746152, 0.349557236, -0.211829007)","(-0.255208194, 0.347552016, -0.215149462)"
20,Cable008_Collider171,5767,Cable008_Collider79.139,convexHull,0.0461602822,0.0166011082,"(-0.263599813, 0.34669067, -0.21805352)","(-0.261060655, 0.351396546, -0.211159527)","(-0.262330234, 0.349043608, -0.214606524)"
21,Cable008_Collider64,2236,Cable008_Collider79.090,convexHull,0.0461645893,0.0166132195,"(-0.257629484, 0.34669061, -0.21805358)","(-0.255090505, 0.351396606, -0.211159587)","(-0.256359994, 0.349043608, -0.214606583)"
22,Cable008_Collider187,6295,Cable008_Collider79.153,convexHull,0.0464602293,0.0166323591,"(-0.265176624, 0.343679354, -0.219131172)","(-0.262372434, 0.347132549, -0.212711513)","(-0.263774529, 0.345405951, -0.215921342)"
23,Cable008_Collider136,4612,Cable008_Collider79.152,convexHull,0.046442391,0.0166415585,"(-0.265177548, 0.34488909, -0.218709231)","(-0.262294143, 0.348387495, -0.212254763)","(-0.263735846, 0.346638292, -0.215481997)"
24,Cable008_Collider204,6857,Cable008_Collider79.071,convexHull,0.0464679204,0.0166538311,"(-0.256317526, 0.343679354, -0.219131172)","(-0.253513306, 0.347132549, -0.212711513)","(-0.254915416, 0.345405951, -0.215921342)"
25,Cable008_Collider22,850,Cable008_Collider79.077,convexHull,0.0464497959,0.0166623772,"(-0.256395757, 0.344888851, -0.21870935)","(-0.253512412, 0.348387435, -0.212254763)","(-0.254954085, 0.346638143, -0.215482056)"
26,Cable008_Collider232,7781,Cable008_Collider79.103,convexHull,0.0461521706,0.0166687768,"(-0.262561858, 0.347114936, -0.217899084)","(-0.260427773, 0.351967052, -0.210951924)","(-0.261494815, 0.349540994, -0.214425504)"
27,Cable008_Collider225,7550,Cable008_Collider79.094,convexHull,0.0461547989,0.0166763271,"(-0.258262068, 0.347114995, -0.217899203)","(-0.256128162, 0.351967171, -0.210951924)","(-0.257195115, 0.349541083, -0.214425564)"
28,Cable008_Collider57,2005,Cable008_Collider79.110,convexHull,0.0461770781,0.0167370068,"(-0.261350542, 0.347408399, -0.217792333)","(-0.259736598, 0.352259353, -0.21084553)","(-0.26054357, 0.349833876, -0.214318931)"
29,Cable008_Collider54,1906,Cable008_Collider79.098,convexHull,0.0461780792,0.0167397685,"(-0.258953363, 0.347408369, -0.217792333)","(-0.257339567, 0.352259353, -0.21084553)","(-0.258146465, 0.349833861, -0.214318931)"
30,Cable008_Collider19,751,Cable008_Collider79.063,convexHull,0.0462282923,0.0167871948,"(-0.260031104, 0.347555146, -0.217738867)","(-0.258659005, 0.352257625, -0.210846186)","(-0.259345055, 0.349906385, -0.214292526)"
31,Cable008_Collider129,4381,Cable008_Collider79.132,convexHull,0.0286781711,0.0181056766,"(-0.317219256, 0.309305419, -0.258492991)","(-0.216551836, 0.334594719, -0.139853391)","(-0.266885546, 0.321950069, -0.199173191)"
32,Cable008_Collider216,7253,Cable008_Collider79.132,convexHull,0.0286781711,0.0181056766,"(-0.317219256, 0.309305419, -0.258492991)","(-0.216551836, 0.334594719, -0.139853391)","(-0.266885546, 0.321950069, -0.199173191)"
33,Cable008_Collider81,2797,Cable008_Collider79.132,convexHull,0.0286781711,0.0181056766,"(-0.317219256, 0.309305419, -0.258492991)","(-0.216551836, 0.334594719, -0.139853391)","(-0.266885546, 0.321950069, -0.199173191)"
34,Cable008_Collider116,3952,Cable008_Collider79.126,convexHull,0.0415654828,0.035328662,"(-0.301365376, 0.310281989, -0.249459891)","(-0.293379836, 0.343017579, -0.151694241)","(-0.297372606, 0.326649784, -0.200577066)"
35,Cable008_Collider163,5503,Cable008_Collider79.126,convexHull,0.0415654828,0.035328662,"(-0.301365376, 0.310281989, -0.249459891)","(-0.293379836, 0.343017579, -0.151694241)","(-0.297372606, 0.326649784, -0.200577066)"
36,Cable008_Collider69,2401,Cable008_Collider79.126,convexHull,0.0415654828,0.035328662,"(-0.301365376, 0.310281989, -0.249459891)","(-0.293379836, 0.343017579, -0.151694241)","(-0.297372606, 0.326649784, -0.200577066)"
37,Cable008_Collider132,4480,Cable008_Collider79.127,convexHull,0.0422967306,0.0361861634,"(-0.224537376, 0.310281989, -0.249459891)","(-0.216551836, 0.343017579, -0.151694241)","(-0.220544606, 0.326649784, -0.200577066)"
38,Cable008_Collider231,7748,Cable008_Collider79.127,convexHull,0.0422967306,0.0361861634,"(-0.224537376, 0.310281989, -0.249459891)","(-0.216551836, 0.343017579, -0.151694241)","(-0.220544606, 0.326649784, -0.200577066)"
39,Cable008_Collider84,2896,Cable008_Collider79.127,convexHull,0.0422967306,0.0361861634,"(-0.224537376, 0.310281989, -0.249459891)","(-0.216551836, 0.343017579, -0.151694241)","(-0.220544606, 0.326649784, -0.200577066)"
